<?xml version="1.0" encoding="UTF-8"?>
<beans xmlns="http://www.springframework.org/schema/beans"
   xmlns:xsi="http://www.w3.org/2001/XMLSchema-instance"
   xmlns:jdbc="http://www.springframework.org/schema/jdbc"
	xmlns:context="http://www.springframework.org/schema/context"
	xmlns:mybatis-spring="http://mybatis.org/schema/mybatis-spring"
   xsi:schemaLocation="http://www.springframework.org/schema/beans https://www.springframework.org/schema/beans/spring-beans.xsd
  						http://mybatis.org/schema/mybatis-spring http://mybatis.org/schema/mybatis-spring-1.2.xsd
						http://www.springframework.org/schema/beans http://www.springframework.org/schema/beans/spring-beans.xsd
						http://www.springframework.org/schema/context http://www.springframework.org/schema/context/spring-context-3.1.xsd">
   
   <!-- Root Context: defines shared resources visible to all other web components -->
   <bean id="dataSource" class="com.mchange.v2.c3p0.ComboPooledDataSource">
      <property name="driverClass" value="oracle.jdbc.driver.OracleDriver"/>
      <property name="jdbcUrl" value="jdbc:oracle:thin:@localhost:1521:xe"/>
      <property name="user" value="tester"/>
      <property name="password" value="1234"/>
      <property name="maxPoolSize" value="100"/>
      <property name="maxIdleTime" value="600"/>
   </bean>
   
   <bean id="sqlSessionFactoryBean" class="org.mybatis.spring.SqlSessionFactoryBean">
      <property name="dataSource" ref="dataSource"/>
      <property name="configLocation" value="classpath:config/mybatis-config.xml"/>
      <property name="mapperLocations">
         <list>
            <value>classpath*:mapper/CenQueryMapper.xml</value>
            <value>classpath*:mapper/ProductMapper.xml</value>
         </list>
      </property>
   </bean>
   
   <bean id="sqlSessionTemplate" class="org.mybatis.spring.SqlSessionTemplate">
      <constructor-arg ref="sqlSessionFactoryBean"/>
   </bean>
   
   <!-- 패키지 -->
   <context:component-scan base-package="com.project.mall.product.utils" />

</beans>















