<?xml version="1.0" encoding="UTF-8"?>
<!DOCTYPE mapper PUBLIC "-//mybatis.org//DTD Mapper 3.0//EN"
    "http://mybatis.org/dtd/mybatis-3-mapper.dtd">
    
<mapper namespace="CenQueryDao">
		
	<insert id="insert" parameterType="CenQueryVo">
		INSERT INTO CENQUERY
		(CENQUERYSEQ, OPEN, QUERYTYPE, CUSID, CONTENT, TITLE, REPLY)
		VALUES (cenQuerySeq.nextval, #{open}, #{queryType}, #{cusId}, #{content}, #{title}, #{reply})
	</insert>

	<select id="list" resultType="CenQueryVo">
		SELECT *
		FROM CENQUERY
		ORDER BY CENQUERYSEQ
	</select>

	<select id="read" parameterType="int" resultType="CenQueryVo">
		SELECT *
		FROM CENQUERY
		WHERE CENQUERYSEQ=#{cenQuerySeq} 
	</select>

	<update id="update" parameterType="cenQueryVo">
		UPDATE CENQUERY
		SET QUERYTYPE=#{queryType}, CONTENT=#{content}, TITLE=#{title}, REPLY=#{reply}
		WHERE CENQUERYSEQ=#{cenQuerySeq} 
	</update>

	<delete id="delete" parameterType="CenQueryVo">
		DELETE FROM CENQUERY
		WHERE CENQUERYSEQ=#{cenQuerySeq} 
	</delete>


</mapper>