<?xml version="1.0" encoding="UTF-8"?>
<!DOCTYPE mapper PUBLIC "-//mybatis.org//DTD Mapper 3.0//EN" 
"http://mybatis.org/dtd/mybatis-3-mapper.dtd">

<mapper namespace="ReviewDao">
	
	<select id="reviewSelectAll" resultType="ReviewVo">
		select * from REVIEW order by SCORE desc
	</select>
	
	<select id="reviewListPage" resultType="ReviewVo" parameterType="Criteria">
		select * from (
		select ROWNUM NUM, R.*
		from (select * from REVIEW order by REVIEWSEQ desc) R
		)
		where NUM between #{rowStart} and #{rowEnd}
	</select>
	
	<select id="reviewListCount" resultType="int">
		<![CDATA[
			select count (reviewseq)
			from REVIEW
			where reviewseq > 0
		]]>
	</select>

	<select id="reviewSelectOne" parameterType="int"
		resultType="ReviewVo">
		select * from REVIEW where REVIEWSEQ=#{reviewSeq}
	</select>

	<insert id="reviewInsert" parameterType="ReviewVo">
		insert into REVIEW
		(reviewseq, ponum, score, title, content)
		values (reviewseq.nextVal,
		#{poNum}, #{score}, #{title}, #{content})
	</insert>

	<update id="reviewUpdate" parameterType="ReviewVo">
		update REVIEW set
		SCORE=#{score}, TITLE=#{title}, CONTENT=#{content}
		where REVIEWSEQ=#{reviewSeq}
	</update>

	<delete id="reviewDelete" parameterType="int">
		delete from REVIEW where
		REVIEWSEQ=#{reviewSeq}
	</delete>
</mapper>