<?xml version="1.0" encoding="UTF-8"?>
<!DOCTYPE mapper PUBLIC "-//mybatis.org//DTD Mapper 3.0//EN" 
"http://mybatis.org/dtd/mybatis-3-mapper.dtd">

<mapper namespace="CustomerDao">

	
	<!-- 고객정보 전체 조회 -->
	<select id="selectAll" resultType="CustomerVo">
		select * from CUSTOMER order by CUSSEQ
	</select>
	
    <!-- 고객정보 가져오기 -->        
	<select id="select" resultType="CustomerVo">
		select * from CUSTOMER where CUSID=#{cusId}
	</select>
	
    <!-- 고객 id 체크 -->        
	<select id="checkCusId" resultType="int">
		select COUNT(*) from CUSTOMER WHERE CUSID=#{cusId}
	</select>

	
	<!-- 가입 -->
	<insert id="insert" parameterType="CustomerVo">
		insert into CUSTOMER ("CUSSEQ", "CUSID", "PASSWORD", "NAME", "EMAIL", "PHONE")
		values(CUSSEQ.nextval, #{cusId}, #{password}, #{name}, #{email}, #{phone})
    </insert>

	
	<update id="update" parameterType="CustomerVo">
                UPDATE CUSTOMER SET 
				PASSWORD = #{password},
				NAME = #{name},
				EMAIL = #{email},
				PHONE = #{phone} WHERE CUSID=#{cusId}
    </update>

	
	<delete id="delete" parameterType="int">
		delete from customer where CUSSEQ=#{cusSeq}
	</delete>





</mapper>