<?xml version="1.0" encoding="UTF-8"?>
<!DOCTYPE mapper PUBLIC "-//mybatis.org//DTD Mapper 3.0//EN" 
"http://mybatis.org/dtd/mybatis-3-mapper.dtd">

<mapper namespace="CartDao">
        <select id="selectAll" resultType="CartVo">
                select * from CART order by CUSSEQ
        </select>
        
        <select id="select" parameterType="int" resultType="CartProductVo">
                select * from CART cart, PRODUCT prod where cart.PRODSEQ = prod.PRODSEQ AND cart.CUSSEQ=#{cusSeq} 
        </select>
        
        <insert id="insert" parameterType="CartVo">
                insert into CART("CARTSEQ", "CUSSEQ", "PRODSEQ", "POQUANTITY")
					values(CART_SEQ.NEXTVAL, #{cusSeq}, #{prodSeq}, #{poQuantity})
        </insert>
        
        <update id="update" parameterType="CartVo">
                update CART set
					PRODSEQ = #{prodSeq},
					POQUANTITY = #{poQuantity}
				where CUSSEQ = #{cusSeq}
        </update>

        <delete id="delete" parameterType="int">
                delete from CART where CARTSEQ = #{cartSeq}
        </delete>
        
</mapper>




