<?xml version="1.0" encoding="UTF-8"?>
<beans xmlns="http://www.springframework.org/schema/beans"
	xmlns:xsi="http://www.w3.org/2001/XMLSchema-instance"
	xsi:schemaLocation="http://www.springframework.org/schema/beans https://www.springframework.org/schema/beans/spring-beans.xsd">

	<!-- Root Context: defines shared resources visible to all other web components -->
	<bean id="dataSource"
		class="com.mchange.v2.c3p0.ComboPooledDataSource">
		<property name="driverClass"
			value="oracle.jdbc.driver.OracleDriver" />
		<property name="jdbcUrl"
			value="jdbc:oracle:thin:@localhost:1521:xe" />
		<property name="user" value="project1" />
		<property name="password" value="1234" />
		<property name="maxPoolSize" value="100" />
		<property name="maxIdleTime" value="600" />
	</bean>

	<bean id="sqlSessionFactoryBean"
		class="org.mybatis.spring.SqlSessionFactoryBean">
		<property name="dataSource" ref="dataSource" />
		<property name="configLocation"
			value="classpath:config/mybatis-config.xml" />
		<property name="mapperLocations">
			<list>
				<value>classpath:config/review-mapper.xml</value>
				<value>classpath:config/query-mapper.xml</value>
			</list>
		</property>
	</bean>

	<bean id="sqlSessionTemplate"
		class="org.mybatis.spring.SqlSessionTemplate">
		<constructor-arg ref="sqlSessionFactoryBean" />
	</bean>
	
	<!-- 20201108 추가 멀티파트 리졸버  -->
		<bean id="multipartResolver"
		class="org.springframework.web.multipart.commons.CommonsMultipartResolver">
		<!-- 최대업로드 가능한 바이트크기 -->
		<property name="maxUploadSize" value="52428800" />
		<!-- 디스크에 임시 파일을 생성하기 전에 메모리에 보관할수있는 최대 바이트 크기 -->
		<!-- property name="maxInMemorySize" value="52428800" / -->
		<!-- defaultEncoding -->
		<property name="defaultEncoding" value="utf-8" />
	</bean>

</beans>

