<?xml version="1.0" encoding="UTF-8"?>
<!DOCTYPE mapper PUBLIC "-//mybatis.org//DTD Mapper 3.0//EN"
    "http://mybatis.org/dtd/mybatis-3-mapper.dtd">
    
<mapper namespace="CenQueryDao">
	
	<!-- 작성자 구분에 따른 SQL문에 대한 처리 
	<sql id="writer">
		<if test="writerType != null">
			<if test="searchType == 'customer'.toString()">
				SELECT ROW_NUMBER() OVER(ORDER BY CENQUERYSEQ DESC) AS RNUM,
					cenquery.*,
					cus.CUSID
					FROM
						CENQUERY cenquery, 
						CUSTOMER cus
    				WHERE cenquery.CUSSEQ = cus.CUSSEQ 
			</if>
			<if test="searchType == 'seller'.toString()">
				SELECT ROW_NUMBER() OVER(ORDER BY CENQUERYSEQ DESC) AS RNUM,
					cenquery.*,
					seller.BUSINESSNAME
					FROM
						CENQUERY cenquery, 
						SELLER seller
    				WHERE cenquery.SELLERSEQ = seller.SELLERSEQ
			</if>
		<if test="writerType == null">
			SELECT ROW_NUMBER() OVER(ORDER BY CENQUERYSEQ DESC) AS RNUM,
					cenquery.*,
					cus.CUSID
					FROM
						CENQUERY cenquery, 
						CUSTOMER cus
    				WHERE cenquery.CUSSEQ = cus.CUSSEQ 
		</if>
		</if>
	</sql>
	-->
	
	<!-- 중복되는 동적 SQL문에 대한 처리 -->
	<sql id="search">
		<if test="searchType != null">
			<!-- 동적 SQL 구문 -->
			<if test="searchType == 't'.toString()"> TITLE LIKE '%' || #{keyword} || '%'</if>
			<if test="searchType == 'c'.toString()"> CONTENT LIKE '%' || #{keyword} || '%'</if>
			<if test="searchType == 'r'.toString()"> REPLY LIKE '%' || #{keyword} || '%'</if>
		</if>
	</sql>
	
	<insert id="insert" parameterType="CenQueryVo">
		INSERT INTO CENQUERY
		(CENQUERYSEQ, OPEN, QUERYTYPE, CUSSEQ, SELLERSEQ, CONTENT, TITLE, REPLY)
		VALUES (CENQUERYSEQ.nextval, #{open}, #{queryType}, #{cusSeq}, #{sellerSeq}, #{content}, #{title}, #{reply})
	</insert>
	
	<select id="cusList" parameterType="Criteria" resultType="UserCenQueryVo">
	 
	SELECT * from (
    SELECT ROW_NUMBER() OVER(ORDER BY CENQUERYSEQ DESC) AS RNUM,
	cenquery.*,
	cus.CUSID
	FROM
		CENQUERY cenquery, 
		CUSTOMER cus
    WHERE cenquery.CUSSEQ = cus.CUSSEQ 
    <include refid="search"/>
      )
    WHERE (RNUM between #{rowStart} and #{rowEnd})
   <!-- 
    ORDER BY CENQUERYSEQ DESC;
     -->
	</select>
	
	<select id="cusListCount" parameterType="Criteria" resultType="int" >
		SELECT COUNT(*) FROM (
		SELECT ROW_NUMBER() OVER(ORDER BY CENQUERYSEQ DESC) AS RNUM,
			cenquery.*,
			cus.CUSID
			FROM
				CENQUERY cenquery, 
				CUSTOMER cus
    		WHERE cenquery.CUSSEQ = cus.CUSSEQ 
		<include refid="search"/>
		)
		<!--  -->
		WHERE (RNUM between #{rowStart} and #{rowEnd})
	</select>

	<select id="listByOpen" resultType="CenQueryVo">
		SELECT *
		FROM CENQUERY
		WHERE OPEN = '공개글'
	</select>

	<select id="read" parameterType="int" resultType="CenQueryVo">
		SELECT *
		FROM CENQUERY
		WHERE CENQUERYSEQ=#{cenQuerySeq} 
	</select>

	<update id="update" parameterType="CenQueryVo">
		UPDATE CENQUERY
		SET QUERYTYPE=#{queryType}, CONTENT=#{content}, TITLE=#{title}, REPLY=#{reply}
		WHERE CENQUERYSEQ=#{cenQuerySeq} 
	</update>

	<delete id="delete" parameterType="CenQueryVo">
		DELETE FROM CENQUERY
		WHERE CENQUERYSEQ=#{cenQuerySeq} 
	</delete>


</mapper>