<?xml version="1.0" encoding="UTF-8"?>
<!DOCTYPE mapper PUBLIC "-//mybatis.org//DTD Mapper 3.0//EN" 
"http://mybatis.org/dtd/mybatis-3-mapper.dtd">

<mapper namespace="FaqDao">
		<!-- 중복되는 동적 SQL문에 대한 처리 -->
		<sql id="search">
			<!-- 동적 SQL 구문 -->
			<if test="condition == 'title'">
				WHERE cenquery.TITLE LIKE CONCAT('%', #{keyword}, '%')
			</if>
			<if test="condition == 'content'">
				WHERE cenquery.CONTENT LIKE CONCAT('%', #{keyword}, '%')
			</if>
			<if test="condition == 'reply'">
				WHERE cenquery.REPLY LIKE CONCAT('%', #{keyword}, '%')
			</if>
		</sql>
	
        <select id="selectAll" resultType="FaqVo">
                SELECT FAQSEQ, FAQCATEGORY, QUERY, REPLY, REGDATE FROM(
                select ROW_NUMBER() OVER(ORDER BY FAQSEQ DESC) AS RNUM, FAQSEQ, FAQCATEGORY, QUERY, REPLY, REGDATE from FAQ <include refid="search"/>
                )
                WHERE RNUM BETWEEN #{rowStart} AND #{rowEnd}
                
        </select>
        
        <select id="listCount" resultType="int">
		SELECT COUNT(*) FROM (
		SELECT FAQSEQ, FAQCATEGORY, QUERY, REPLY, REGDATE FROM(
                select ROW_NUMBER() OVER(ORDER BY FAQSEQ DESC) AS RNUM, FAQSEQ, FAQCATEGORY, QUERY, REPLY, REGDATE from FAQ <include refid="search"/>
                ) <include refid="search"/>
		)
		</select>
        
        <select id="select" parameterType="int" resultType="FaqVo">
                select * from FAQ where FAQSEQ = #{faqSeq}
        </select>
        
        <insert id="insert" parameterType="FaqVo">
                insert into FAQ("FAQSEQ", "FAQCATEGORY", "QUERY", "REPLY", "REGDATE")
					values(FAQ_SEQ.nextval, #{faqCategory}, #{query}, #{reply}, SYSDATE)
        </insert>
        
        <update id="update" parameterType="FaqVo">
                update FAQ set
					FAQCATEGORY = #{faqCategory},
					QUERY = #{query},
					REPLY = #{reply},
					REGDATE = SYSDATE
				where FAQSEQ = #{faqSeq}
        </update>

        <delete id="delete" parameterType="int">
                delete from FAQ where FAQSEQ = #{faqSeq}
        </delete>
        
</mapper>




