<?xml version="1.0" encoding="UTF-8"?>
<!DOCTYPE mapper PUBLIC "-//mybatis.org//DTD Mapper 3.0//EN" 
"http://mybatis.org/dtd/mybatis-3-mapper.dtd">

<mapper namespace="ReviewDao">
	<select id="reviewSelectAll" resultType="ReviewVo">
		select * from REVIEW order by SCORE desc
	</select>
	
	<select id="reviewSelectOne" parameterType="int"  resultType="ReviewVo">
		select * from REVIEW where REVIEWSEQ=#{reviewSeq}
	</select>	
	
	<insert id="reviewInsert" parameterType="ReviewVo">
		insert into REVIEW (reviewseq, prodseq, cusid, score, title, content, regdate)
		values (reviewseq.nextVal, #{prodSeq}, #{cusId}, #{score}, #{title}, #{content}, sysdate)
	</insert>
	
	<update id="reviewUpdate" parameterType="ReviewVo">
		update REVIEW set SCORE=#{score}, TITLE=#{title}, CONTENT=#{content} 
		where REVIEWSEQ=#{reviewSeq}
	</update>
	
	<delete id="reviewDelete" parameterType="int">
		delete from REVIEW where REVIEWSEQ=#{reviewSeq}
	</delete>
</mapper>